source_record_id,location_id,event_id,location_index,state_code,county_zone_code,latitude,longitude,location_type,path_length_km,path_width_km,location_name,synthetic_record_flag
SRC_LOC_00000001,LOC00000001,EVT0000001,1,SW11,Z213,32.65051,-81.97436,Point,4.06,0.22,Pine Highlands Zone 13 Sector 1,Y
SRC_LOC_00000002,LOC00000002,EVT0000002,1,SW05,Z081,40.28014,-115.13682,Observation Site,4.24,1.98,Great Basin Zone 01 Sector 1,Y
SRC_LOC_00000003,LOC00000003,EVT0000003,1,SW04,Z062,33.11164,-108.65615,County/Zone,9.69,0.57,Red Mesa Zone 02 Sector 1,Y
SRC_LOC_00000004,LOC00000004,EVT0000004,1,SW01,Z015,44.57772,-118.99715,Path Start,8.08,1.34,North Coast Zone 15 Sector 1,Y
SRC_LOC_00000005,LOC00000005,EVT0000005,1,SW02,Z025,48.13171,-121.32684,Path End,0.3,0.15,Cascade Zone 05 Sector 1,Y
SRC_LOC_00000006,LOC00000006,EVT0000005,2,SW02,Z025,47.8623,-121.12639,Point,9.23,1.33,Cascade Zone 05 Sector 2,Y
SRC_LOC_00000007,LOC00000007,EVT0000006,1,SW08,Z152,37.7625,-90.02194,County/Zone,1.67,0.19,River Valley Zone 12 Sector 1,Y
SRC_LOC_00000008,LOC00000008,EVT0000007,1,SW06,Z114,47.89626,-99.195,Point,1.04,0.32,Prairie North Zone 14 Sector 1,Y
SRC_LOC_00000009,LOC00000009,EVT0000009,1,SW12,Z232,44.23923,-73.89348,Observation Site,21.32,0.76,Northeast Corridor Zone 12 Sector 1,Y
SRC_LOC_00000010,LOC00000010,EVT0000010,1,SW09,Z180,30.70723,-92.98208,Path End,2.3,2.7,Gulf Reach Zone 20 Sector 1,Y
SRC_LOC_00000011,LOC00000011,EVT0000011,1,SW12,Z232,44.67599,-73.94959,Observation Site,3.14,0.28,Northeast Corridor Zone 12 Sector 1,Y
SRC_LOC_00000012,LOC00000012,EVT0000011,2,SW12,Z232,44.14494,-74.02183,Path End,0.56,0.7,Northeast Corridor Zone 12 Sector 2,Y
SRC_LOC_00000013,LOC00000013,EVT0000012,1,SW01,Z008,42.35137,-121.76888,Observation Site,1.63,1.68,North Coast Zone 08 Sector 1,Y
SRC_LOC_00000014,LOC00000014,EVT0000012,2,SW01,Z008,42.08794,-122.00454,Point,2.45,0.07,North Coast Zone 08 Sector 2,Y
SRC_LOC_00000015,LOC00000015,EVT0000013,1,SW09,Z177,31.51126,-90.02728,County/Zone,4.19,0.01,Gulf Reach Zone 17 Sector 1,Y
SRC_LOC_00000016,LOC00000016,EVT0000014,1,SW07,Z130,43.39863,-84.85765,Observation Site,1.55,0.19,Lake Country Zone 10 Sector 1,Y
SRC_LOC_00000017,LOC00000017,EVT0000014,2,SW07,Z130,43.16777,-84.59512,Point,11.84,0.46,Lake Country Zone 10 Sector 2,Y
SRC_LOC_00000018,LOC00000018,EVT0000015,1,SW02,Z028,46.38749,-123.00394,Observation Site,2.53,0.51,Cascade Zone 08 Sector 1,Y
SRC_LOC_00000019,LOC00000019,EVT0000016,1,SW09,Z164,29.58789,-90.77987,Path End,2.27,0.01,Gulf Reach Zone 04 Sector 1,Y
SRC_LOC_00000020,LOC00000020,EVT0000016,2,SW09,Z164,29.53302,-90.3102,Path End,20.62,0.47,Gulf Reach Zone 04 Sector 2,Y
SRC_LOC_00000021,LOC00000021,EVT0000017,1,SW06,Z117,47.50955,-100.84285,Observation Site,5.21,0.14,Prairie North Zone 17 Sector 1,Y
SRC_LOC_00000022,LOC00000022,EVT0000017,2,SW06,Z117,47.22147,-100.92261,Path Start,4.92,0.15,Prairie North Zone 17 Sector 2,Y
SRC_LOC_00000023,LOC00000023,EVT0000017,2,SW07,Z128,42.21592,-87.67291,Path Start,1.88,0.55,Lake Country Zone 08 Sector 1,Y
SRC_LOC_00000024,LOC00000024,EVT0000020,1,SW09,Z166,29.9349,-91.12941,County/Zone,0.9,0.76,Gulf Reach Zone 06 Sector 1,Y
SRC_LOC_00000025,LOC00000025,EVT0000021,1,SW06,Z111,46.03091,-101.92904,Point,3.08,2.33,Prairie North Zone 11 Sector 1,Y
SRC_LOC_00000026,LOC00000026,EVT0000021,2,SW06,Z111,46.06797,-102.03525,County/Zone,9.71,0.8,Prairie North Zone 11 Sector 2,Y
SRC_LOC_00000027,LOC00000027,EVT0000021,3,SW06,Z111,46.18808,-102.6228,Observation Site,4.96,2.54,Prairie North Zone 11 Sector 3,Y
SRC_LOC_00000028,LOC00000028,EVT0000022,1,SW04,Z061,33.52387,-110.52406,Point,3.06,0.18,Red Mesa Zone 01 Sector 1,Y
SRC_LOC_00000029,LOC00000029,EVT0000023,1,SW01,Z009,44.71382,-124.61921,Observation Site,5.52,0.15,North Coast Zone 09 Sector 1,Y
SRC_LOC_00000030,LOC00000030,EVT0000023,2,SW01,Z009,44.57267,-124.8936,Path Start,10.5,0.4,North Coast Zone 09 Sector 2,Y
SRC_LOC_00000031,LOC00000031,EVT0000023,3,SW01,Z009,44.63664,-125.03532,Observation Site,5.38,0.51,North Coast Zone 09 Sector 3,Y
SRC_LOC_00000032,LOC00000032,EVT0000023,4,SW01,Z009,45.08101,-124.97844,Path Start,1.79,0.63,North Coast Zone 09 Sector 4,Y
SRC_LOC_00000033,LOC00000033,EVT0000024,1,SW04,Z068,36.73328,-111.27704,Path End,0.55,0.52,Red Mesa Zone 08 Sector 1,Y
SRC_LOC_00000034,LOC00000034,EVT0000025,1,SW01,Z006,43.85154,-122.71848,Observation Site,0.64,0.32,North Coast Zone 06 Sector 1,Y
SRC_LOC_00000035,LOC00000035,EVT0000025,2,SW01,Z006,43.62911,-123.06121,Observation Site,12.22,1.36,North Coast Zone 06 Sector 2,Y
SRC_LOC_00000036,LOC00000036,EVT0000025,3,SW01,Z006,43.59463,-123.02202,Observation Site,6.31,1.35,North Coast Zone 06 Sector 3,Y
SRC_LOC_00000037,LOC00000037,EVT0000025,4,SW01,Z006,43.689,-122.88292,County/Zone,8.15,3.16,North Coast Zone 06 Sector 4,Y
SRC_LOC_00000038,LOC00000038,EVT0000026,1,SW04,Z068,36.48934,-110.93123,County/Zone,3.09,3.61,Red Mesa Zone 08 Sector 1,Y
SRC_LOC_00000039,LOC00000039,EVT0000028,1,SW04,Z072,34.22886,-107.02274,County/Zone,1.1,0.94,Red Mesa Zone 12 Sector 1,Y
SRC_LOC_00000040,LOC00000040,EVT0000030,1,SW09,Z164,29.4976,-90.65108,Path Start,4.49,0.79,Gulf Reach Zone 04 Sector 1,Y
SRC_LOC_00000041,LOC00000041,EVT0000030,2,SW09,Z164,29.36294,-90.46498,Path End,18.08,1.52,Gulf Reach Zone 04 Sector 2,Y
SRC_LOC_00000042,LOC00000042,EVT0000030,3,SW09,Z164,30.02549,-90.74172,Path End,9.21,0.85,Gulf Reach Zone 04 Sector 3,Y
SRC_LOC_00000043,LOC00000043,EVT0000031,1,SW10,Z195,36.32086,-77.59354,County/Zone,14.26,0.69,Atlantic Ridge Zone 15 Sector 1,Y
SRC_LOC_00000044,LOC00000044,EVT0000031,2,SW10,Z195,36.50406,-77.16249,Path Start,8.81,0.54,Atlantic Ridge Zone 15 Sector 2,Y
SRC_LOC_00000045,LOC00000045,EVT0000032,1,SW09,Z169,31.88393,-91.33816,Path End,2.7,0.34,Gulf Reach Zone 09 Sector 1,Y
SRC_LOC_00000046,LOC00000046,EVT0000032,2,SW09,Z169,31.80211,-91.4104,County/Zone,1.45,1.69,Gulf Reach Zone 09 Sector 2,Y
SRC_LOC_00000047,LOC00000047,EVT0000033,1,SW05,Z082,123.456,-115.04018,Observation Site,0.34,0.23,Great Basin Zone 02 Sector 1,Y
SRC_LOC_00000048,LOC00000048,EVT0000033,2,SW05,Z082,40.27857,-115.13141,Path Start,7.84,1.23,Great Basin Zone 02 Sector 2,Y
SRC_LOC_00000049,LOC00000049,EVT0000034,1,SW10,Z196,37.2174,-80.28801,Path End,1.94,0.32,Atlantic Ridge Zone 16 Sector 1,Y
SRC_LOC_00000050,LOC00000050,EVT0000034,2,SW10,Z196,37.3005,-80.4709,Point,2.2,0.21,Atlantic Ridge Zone 16 Sector 2,Y
SRC_LOC_00000051,LOC00000051,EVT0000034,3,SW10,Z196,37.415,-80.28632,Observation Site,2.92,0.91,Atlantic Ridge Zone 16 Sector 3,Y
SRC_LOC_00000052,LOC00000052,EVT0000035,1,SW12,Z233,42.96731,-76.02997,Path End,2.02,0.55,Northeast Corridor Zone 13 Sector 1,Y
SRC_LOC_00000054,LOC00000054,EVT0000037,2,SW11,Z209,36.66264,-89.63597,County/Zone,0.81,1.26,Pine Highlands Zone 09 Sector 2,Y
SRC_LOC_00000055,LOC00000055,EVT0000038,1,SW10,Z183,34.5545,-80.72208,Path Start,2.93,1.24,Atlantic Ridge Zone 03 Sector 1,Y
SRC_LOC_00000056,LOC00000056,EVT0000038,2,SW10,Z183,34.27051,-80.5293,Path End,3.02,4.6,Atlantic Ridge Zone 03 Sector 2,Y
SRC_LOC_00000057,LOC00000057,EVT0000039,1,SW05,Z094,39.39543,-116.87086,Point,7.7,1.93,Great Basin Zone 14 Sector 1,Y
SRC_LOC_00000058,LOC00000058,EVT0000039,2,SW05,Z094,39.0326,-117.09516,Observation Site,10.64,0.19,Great Basin Zone 14 Sector 2,Y
SRC_LOC_00000059,LOC00000059,EVT0000040,1,SW02,Z035,45.63622,-123.164,County/Zone,8.3,0.14,Cascade Zone 15 Sector 1,Y
SRC_LOC_00000060,LOC00000060,EVT0000041,1,SW07,Z130,43.18148,-84.5489,Point,3.84,0.36,Lake Country Zone 10 Sector 1,Y
SRC_LOC_00000061,LOC00000061,EVT0000042,1,SW02,Z024,48.78068,-121.47072,Point,1.12,0.81,Cascade Zone 04 Sector 1,Y
SRC_LOC_00000062,LOC00000062,EVT0000043,1,SW10,Z192,33.43136,-77.92175,Path End,5.9,0.46,Atlantic Ridge Zone 12 Sector 1,Y
SRC_LOC_00000063,LOC00000063,EVT0000044,1,SW04,Z071,34.93648,-113.30147,Path Start,3.94,0.27,Red Mesa Zone 11 Sector 1,Y
SRC_LOC_00000064,LOC00000064,EVT0000044,1,SW04,Z071,35.44618,-113.42273,Point,3.94,1.59,Red Mesa Zone 11 Sector 2,Y
SRC_LOC_00000065,LOC00000065,EVT0000044,3,SW04,Z071,34.96659,-113.66656,Path End,4.69,1.54,Red Mesa Zone 11 Sector 3,Y
SRC_LOC_00000066,LOC00000066,EVT0000045,1,BAD,Z087,35.55301,-115.05872,Observation Site,3.57,1.86,Great Basin Zone 07 Sector 1,Y
SRC_LOC_00000067,LOC00000067,EVT0000046,1,SW04,Z070,34.40156,-112.12659,Observation Site,1.45,1.01,Red Mesa Zone 10 Sector 1,Y
SRC_LOC_00000068,LOC00000068,EVT0000047,1,SW12,Z236,42.92362,-70.74643,Path Start,6.58,0.38,Northeast Corridor Zone 16 Sector 1,Y
SRC_LOC_00000069,LOC00000069,EVT0000048,1,SW10,Z195,36.6317,-77.53391,Path End,14.39,0.21,Atlantic Ridge Zone 15 Sector 1,Y
SRC_LOC_00000070,LOC00000070,EVT0000048,2,SW10,Z195,36.64134,-77.67684,Path End,7.08,0.97,Atlantic Ridge Zone 15 Sector 2,Y
SRC_LOC_00000071,LOC00000071,EVT0000050,1,SW05,Z082,40.62372,-115.17022,Path Start,1.0,2.29,Great Basin Zone 02 Sector 1,Y
SRC_LOC_00000072,LOC00000072,EVT0000052,1,SW12,Z233,43.32141,-75.17408,Observation Site,2.98,0.51,Northeast Corridor Zone 13 Sector 1,Y
SRC_LOC_00000073,LOC00000073,EVT0000052,2,SW12,Z233,43.15882,-75.64059,Path Start,0.34,1.23,Northeast Corridor Zone 13 Sector 2,Y
SRC_LOC_00000074,LOC00000074,EVT0000053,1,SW11,Z215,33.48918,-83.92136,Point,4.25,1.57,Pine Highlands Zone 15 Sector 1,Y
SRC_LOC_00000075,LOC00000075,EVT0000054,1,SW05,Z096,39.87797,-115.94403,County/Zone,1.28,0.98,Great Basin Zone 16 Sector 1,Y
SRC_LOC_00000076,LOC00000076,EVT0000054,2,SW05,Z096,39.31891,-116.09271,County/Zone,4.3,2.22,Great Basin Zone 16 Sector 2,Y
SRC_LOC_00000077,LOC00000077,EVT0000055,1,SW06,Z113,47.02975,-98.43152,Observation Site,3.04,2.66,Prairie North Zone 13 Sector 1,Y
SRC_LOC_00000078,LOC00000078,EVT0000055,2,SW06,Z113,47.14289,-98.24079,Observation Site,0.37,1.83,Prairie North Zone 13 Sector 2,Y
SRC_LOC_00000079,LOC00000079,EVT0000056,1,SW02,Z026,47.21148,-120.1265,Path End,1.11,0.23,Cascade Zone 06 Sector 1,Y
SRC_LOC_00000080,LOC00000080,EVT0000057,1,SW09,Z180,31.21167,-92.9479,County/Zone,1.87,0.32,Gulf Reach Zone 20 Sector 1,Y
SRC_LOC_00000081,LOC00000081,EVT0000058,1,SW04,Z080,32.98469,-108.23577,Path Start,1.12,0.23,Red Mesa Zone 20 Sector 1,Y
SRC_LOC_00000082,LOC00000082,EVT0000058,2,SW04,Z080,33.03963,-108.56211,Path Start,1.88,2.67,Red Mesa Zone 20 Sector 2,Y
SRC_LOC_00000083,LOC00000083,EVT0000059,1,SW02,Z030,44.1241,-121.06504,Path End,3.45,0.73,Cascade Zone 10 Sector 1,Y
SRC_LOC_00000084,LOC00000084,EVT0000060,1,SW07,Z140,43.51037,-88.70755,Observation Site,3.12,1.07,Lake Country Zone 20 Sector 1,Y
SRC_LOC_00000085,LOC00000085,EVT0000060,2,SW07,Z140,43.65827,-88.73864,Path End,4.08,1.97,Lake Country Zone 20 Sector 2,Y
SRC_LOC_00000086,LOC00000086,EVT0000061,1,SW02,Z026,47.02606,-120.12839,Observation Site,8.53,4.63,Cascade Zone 06 Sector 1,Y
SRC_LOC_00000087,LOC00000087,EVT0000061,2,SW02,Z026,47.12256,-120.32076,Path End,0.3,0.49,Cascade Zone 06 Sector 2,Y
SRC_LOC_00000088,LOC00000088,EVT0000062,1,SW07,Z125,43.18996,-86.8426,Path End,15.13,2.3,Lake Country Zone 05 Sector 1,Y
SRC_LOC_00000089,LOC00000089,EVT0000063,1,SW05,Z097,39.14901,-117.22811,Path Start,12.47,0.02,Great Basin Zone 17 Sector 1,Y
SRC_LOC_00000090,LOC00000090,EVT0000064,1,SW05,Z095,40.51044,-115.56672,Path End,3.64,0.53,Great Basin Zone 15 Sector 1,Y
SRC_LOC_00000091,LOC00000091,EVT0000065,1,SW02,Z038,47.16587,-121.63403,Path Start,1.5,0.54,Cascade Zone 18 Sector 1,Y
SRC_LOC_00000092,LOC00000092,EVT0000065,2,SW02,Z038,47.32472,-120.93153,Path End,0.47,0.08,Cascade Zone 18 Sector 2,Y
SRC_LOC_00000093,LOC00000093,EVT0000066,1,SW07,Z135,42.6171,-88.40702,Point,4.07,0.65,Lake Country Zone 15 Sector 1,Y
SRC_LOC_00000094,LOC00000094,EVT0000069,1,SW12,Z230,43.80603,-72.09409,Point,2.27,0.75,Northeast Corridor Zone 10 Sector 1,Y
SRC_LOC_00000095,LOC00000095,EVT0000070,1,SW06,Z107,45.83573,-100.72538,Path End,4.96,2.6,Prairie North Zone 07 Sector 1,Y
SRC_LOC_00000096,LOC00000096,EVT0000071,1,SW10,Z192,33.0957,-77.63244,County/Zone,2.8,0.88,Atlantic Ridge Zone 12 Sector 1,Y
SRC_LOC_00000097,LOC00000097,EVT0000072,1,SW02,Z033,45.3276,-121.19032,Point,1.46,1.47,Cascade Zone 13 Sector 1,Y
SRC_LOC_00000098,LOC00000098,EVT0000072,2,SW02,Z033,45.45881,-121.40046,Point,14.98,0.29,Cascade Zone 13 Sector 2,Y
SRC_LOC_00000099,LOC00000099,EVT0000074,1,SW09,Z177,31.23971,-90.3533,Point,0.78,1.41,Gulf Reach Zone 17 Sector 1,Y
SRC_LOC_00000100,LOC00000100,EVT0000075,1,SW07,Z123,43.70762,-88.92566,Path End,5.99,0.75,Lake Country Zone 03 Sector 1,Y
SRC_LOC_00000101,LOC00000101,EVT0000075,2,SW07,Z123,44.15538,-88.69944,Path End,5.18,0.08,Lake Country Zone 03 Sector 2,Y
SRC_LOC_00000102,LOC00000102,EVT0000076,1,SW11,Z209,36.36405,-88.94443,Point,6.41,0.87,Pine Highlands Zone 09 Sector 1,Y
SRC_LOC_00000103,LOC00000103,EVT0000079,1,SW02,Z027,47.84055,-120.83321,County/Zone,5.46,1.36,Cascade Zone 07 Sector 1,Y
SRC_LOC_00000104,LOC00000104,EVT0000080,1,SW12,Z232,44.5852,-74.29301,Observation Site,1.3,1.27,Northeast Corridor Zone 12 Sector 1,Y
SRC_LOC_00000105,LOC00000105,EVT0000080,1,SW12,Z232,44.02987,-74.25773,Observation Site,3.86,1.58,Northeast Corridor Zone 12 Sector 2,Y
SRC_LOC_00000106,LOC00000106,EVT0000080,3,SW12,Z232,44.2449,-74.16884,Observation Site,3.19,1.04,Northeast Corridor Zone 12 Sector 3,Y
SRC_LOC_00000107,LOC00000107,EVT0000082,1,SW06,Z108,45.14181,-102.22174,Path End,5.75,1.37,Prairie North Zone 08 Sector 1,Y
SRC_LOC_00000108,LOC00000108,EVT0000083,1,SW08,Z143,39.85291,-93.24583,Path Start,7.56,1.71,River Valley Zone 03 Sector 1,Y
SRC_LOC_00000109,LOC00000109,EVT0000084,1,SW04,Z079,35.28981,-110.40615,County/Zone,1.56,1.91,Red Mesa Zone 19 Sector 1,Y
SRC_LOC_00000110,LOC00000110,EVT0000085,1,SW10,Z196,37.0291,-80.31219,Observation Site,7.48,2.62,Atlantic Ridge Zone 16 Sector 1,Y
SRC_LOC_00000111,LOC00000111,EVT0000087,1,SW09,Z165,30.94546,-90.72051,Path Start,5.28,0.15,Gulf Reach Zone 05 Sector 1,Y
SRC_LOC_00000112,LOC00000112,EVT0000087,2,SW09,Z165,30.91329,-91.04776,Path End,0.43,0.06,Gulf Reach Zone 05 Sector 2,Y
SRC_LOC_00000113,LOC00000113,EVT0000087,3,SW09,Z165,30.88144,-91.07804,County/Zone,4.49,0.39,Gulf Reach Zone 05 Sector 3,Y
SRC_LOC_00000114,LOC00000114,EVT0000088,1,SW10,Z184,35.91874,-76.92235,Point,19.96,2.45,Atlantic Ridge Zone 04 Sector 1,Y
SRC_LOC_00000115,LOC00000115,EVT0000088,2,SW10,Z184,35.92106,-76.81068,Path End,0.64,0.77,Atlantic Ridge Zone 04 Sector 2,Y
SRC_LOC_00000116,LOC00000116,EVT0000089,1,SW09,Z165,30.71102,-90.41652,Observation Site,1.22,0.44,Gulf Reach Zone 05 Sector 1,Y
SRC_LOC_00000117,LOC00000117,EVT0000090,1,SW11,Z220,34.91329,-82.79269,Path Start,5.18,0.36,Pine Highlands Zone 20 Sector 1,Y
SRC_LOC_00000118,LOC00000118,EVT0000090,1,SW11,Z220,34.582,-82.81933,County/Zone,2.0,0.18,Pine Highlands Zone 20 Sector 2,Y
SRC_LOC_00000119,LOC00000119,EVT0000091,1,SW09,Z174,30.13665,-93.72125,Point,10.52,0.19,Gulf Reach Zone 14 Sector 1,Y
SRC_LOC_00000120,LOC00000120,EVT0000091,2,SW09,Z174,30.11244,-93.40629,Path Start,1.65,1.6,Gulf Reach Zone 14 Sector 2,Y
SRC_LOC_00000121,LOC00000121,EVT0000092,1,SW05,Z095,40.62593,-116.03604,County/Zone,8.94,1.53,Great Basin Zone 15 Sector 1,Y
SRC_LOC_00000122,LOC00000122,EVT0000092,2,SW05,Z095,40.59647,-115.43106,Point,0.55,0.49,Great Basin Zone 15 Sector 2,Y
SRC_LOC_00000123,LOC00000123,EVT0000092,3,SW05,Z095,40.45994,-115.23618,Path Start,2.02,0.08,Great Basin Zone 15 Sector 3,Y
SRC_LOC_00000124,LOC00000124,EVT0000093,1,SW04,Z072,34.30122,-107.25026,County/Zone,4.52,1.69,Red Mesa Zone 12 Sector 1,Y
SRC_LOC_00000125,LOC00000125,EVT0000094,1,SW05,Z097,39.14955,-117.25071,Point,5.15,1.98,Great Basin Zone 17 Sector 1,Y
SRC_LOC_00000126,LOC00000126,EVT0000094,2,SW05,Z097,39.33192,-117.03617,Point,8.82,1.22,Great Basin Zone 17 Sector 2,Y
SRC_LOC_00000127,LOC00000127,EVT0000095,1,SW10,Z195,36.2564,-77.07278,Path Start,5.87,2.11,Atlantic Ridge Zone 15 Sector 1,Y
SRC_LOC_00000128,LOC00000128,EVT0000095,2,SW10,Z195,36.5248,-77.30533,Path End,0.63,2.43,Atlantic Ridge Zone 15 Sector 2,Y
SRC_LOC_00000129,LOC00000129,EVT0000095,3,SW10,Z195,36.63516,-77.77329,Observation Site,10.75,0.42,Atlantic Ridge Zone 15 Sector 3,Y
SRC_LOC_00000130,LOC00000130,EVT0000096,1,SW08,Z157,37.7345,-91.29296,Path End,0.54,1.14,River Valley Zone 17 Sector 1,Y
SRC_LOC_00000131,LOC00000131,EVT0000097,1,SW11,Z218,33.83921,-83.11359,County/Zone,3.64,1.79,Pine Highlands Zone 18 Sector 1,Y
SRC_LOC_00000132,LOC00000132,EVT0000098,1,SW02,Z027,47.60923,-121.28099,Point,2.62,0.16,Cascade Zone 07 Sector 1,Y
SRC_LOC_00000133,LOC00000133,EVT0000099,1,SW01,Z014,44.19076,-120.30143,Point,5.65,0.21,North Coast Zone 14 Sector 1,Y
SRC_LOC_00000134,LOC00000134,EVT0000100,1,SW10,Z196,37.29316,-80.85124,Path End,7.89,0.96,Atlantic Ridge Zone 16 Sector 1,Y
SRC_LOC_00000135,LOC00000135,EVT0000101,1,SW08,Z145,38.54195,-90.30767,Point,1.55,1.45,River Valley Zone 05 Sector 1,Y
SRC_LOC_00000136,LOC00000136,EVT0000102,1,SW05,Z098,37.59234,-112.07219,Path Start,1.6,0.2,Great Basin Zone 18 Sector 1,Y
SRC_LOC_00000137,LOC00000137,EVT0000103,1,SW09,Z178,29.56239,-90.3256,Point,6.68,1.07,Gulf Reach Zone 18 Sector 1,Y
SRC_LOC_00000138,LOC00000138,EVT0000105,1,SW04,Z061,33.70817,-110.4177,Path Start,4.6,0.52,Red Mesa Zone 01 Sector 1,Y
SRC_LOC_00000139,LOC00000139,EVT0000106,1,SW07,Z127,43.11819,-85.12369,Path End,8.63,0.89,Lake Country Zone 07 Sector 1,Y
SRC_LOC_00000140,LOC00000140,EVT0000107,1,SW10,Z192,33.07729,-77.58899,Point,5.91,0.45,Atlantic Ridge Zone 12 Sector 1,Y
SRC_LOC_00000141,LOC00000141,EVT0000107,2,SW10,Z192,33.09688,-77.67242,Observation Site,3.86,1.6,Atlantic Ridge Zone 12 Sector 2,Y
SRC_LOC_00000142,LOC00000142,EVT0000108,1,SW02,Z035,45.52222,-123.59285,Path End,2.15,1.42,Cascade Zone 15 Sector 1,Y
SRC_LOC_00000143,LOC00000143,EVT0000109,1,SW05,Z084,38.88281,-117.46489,Observation Site,2.2,1.07,Great Basin Zone 04 Sector 1,Y
SRC_LOC_00000144,LOC00000144,EVT0000112,1,SW10,Z185,36.33433,-75.42156,County/Zone,3.7,0.59,Atlantic Ridge Zone 05 Sector 1,Y
SRC_LOC_00000145,LOC00000145,EVT0000113,1,SW08,Z148,40.39684,-87.75409,Path End,5.49,1.62,River Valley Zone 08 Sector 1,Y
SRC_LOC_00000146,LOC00000146,EVT0000113,1,SW08,Z148,40.42498,-87.59231,Path Start,1.59,1.52,River Valley Zone 08 Sector 2,Y
SRC_LOC_00000147,LOC00000147,EVT0000113,3,SW08,Z148,40.41015,-87.85666,County/Zone,1.67,1.06,River Valley Zone 08 Sector 3,Y
SRC_LOC_00000148,LOC00000148,EVT0000114,1,SW04,Z066,36.48013,-107.48216,County/Zone,4.58,0.66,Red Mesa Zone 06 Sector 1,Y
SRC_LOC_00000149,LOC00000149,EVT0000115,1,SW10,Z181,34.91034,-80.15883,Path Start,3.97,0.14,Atlantic Ridge Zone 01 Sector 1,Y
SRC_LOC_00000150,LOC00000150,EVT0000115,2,SW10,Z181,34.94623,-80.44842,Path Start,5.89,0.21,Atlantic Ridge Zone 01 Sector 2,Y
SRC_LOC_00000151,LOC00000151,EVT0000117,1,SW03,Z049,41.56722,-99.93093,Path End,1.06,0.56,High Plains Zone 09 Sector 1,Y
SRC_LOC_00000152,LOC00000152,EVT0000117,2,SW03,Z049,41.74893,-100.0038,Observation Site,3.99,0.11,High Plains Zone 09 Sector 2,Y
SRC_LOC_00000153,LOC00000153,EVT0000118,1,SW12,Z230,43.8756,-72.56219,County/Zone,4.32,1.3,Northeast Corridor Zone 10 Sector 1,Y
SRC_LOC_00000154,LOC00000154,EVT0000118,2,SW12,Z230,44.19018,-72.66056,Observation Site,10.28,0.38,Northeast Corridor Zone 10 Sector 2,Y
SRC_LOC_00000155,LOC00000155,EVT0000119,1,SW02,Z025,48.01184,-120.69625,Point,10.16,1.45,Cascade Zone 05 Sector 1,Y
SRC_LOC_00000156,LOC00000156,EVT0000120,1,SW07,Z127,43.18688,-84.84637,Point,4.48,2.9,Lake Country Zone 07 Sector 1,Y
SRC_LOC_00000157,LOC00000157,EVT0000120,2,SW07,Z127,43.24304,-85.10255,Observation Site,3.21,1.42,Lake Country Zone 07 Sector 2,Y
SRC_LOC_00000158,LOC00000158,EVT0000120,3,SW07,Z127,43.27932,-85.26787,Point,0.83,1.02,Lake Country Zone 07 Sector 3,Y
SRC_LOC_00000159,LOC00000159,EVT0000121,1,SW02,Z038,47.33779,-121.21942,Observation Site,2.23,0.44,Cascade Zone 18 Sector 1,Y
SRC_LOC_00000160,LOC00000160,EVT0000122,1,SW07,Z125,42.60558,-86.99786,Observation Site,10.25,0.03,Lake Country Zone 05 Sector 1,Y
SRC_LOC_00000161,LOC00000161,EVT0000123,1,SW06,Z102,47.90193,-101.8722,Observation Site,0.25,0.95,Prairie North Zone 02 Sector 1,Y
SRC_LOC_00000162,LOC00000162,EVT0000123,2,SW06,Z102,47.50019,-102.19205,Path End,2.55,1.06,Prairie North Zone 02 Sector 2,Y
SRC_LOC_00000163,LOC00000163,EVT0000124,1,SW07,Z125,42.99611,-86.89985,Path End,5.93,0.96,Lake Country Zone 05 Sector 1,Y
SRC_LOC_00000164,LOC00000164,EVT0000124,2,SW07,Z125,43.03707,-87.11097,County/Zone,0.2,1.24,Lake Country Zone 05 Sector 2,Y
SRC_LOC_00000165,LOC00000165,EVT0000125,1,SW09,Z166,29.887,-90.75234,Observation Site,5.61,0.01,Gulf Reach Zone 06 Sector 1,Y
SRC_LOC_00000166,LOC00000166,EVT0000126,1,SW11,Z212,33.00654,-82.71698,Path End,5.17,0.39,Pine Highlands Zone 12 Sector 1,Y
SRC_LOC_00000167,LOC00000167,EVT0000127,1,SW08,Z148,40.64705,-88.01105,Path Start,6.52,0.29,River Valley Zone 08 Sector 1,Y
SRC_LOC_00000168,LOC00000168,EVT0000131,1,SW08,Z141,37.88355,-88.2028,County/Zone,14.82,2.35,River Valley Zone 01 Sector 1,Y
SRC_LOC_00000169,LOC00000169,EVT0000132,1,SW03,Z059,41.78907,-100.35407,Point,2.08,0.6,High Plains Zone 19 Sector 1,Y
SRC_LOC_00000170,LOC00000170,EVT0000132,2,SW03,Z059,41.66446,-99.4113,County/Zone,4.46,1.04,High Plains Zone 19 Sector 2,Y
SRC_LOC_00000171,LOC00000171,EVT0000132,3,SW03,Z059,41.78622,-99.45292,Path Start,1.24,0.28,High Plains Zone 19 Sector 3,Y
SRC_LOC_00000172,LOC00000172,EVT0000133,1,SW11,Z219,33.63145,-83.81666,Observation Site,3.49,1.12,Pine Highlands Zone 19 Sector 1,Y
SRC_LOC_00000173,LOC00000173,EVT0000134,1,SW08,Z156,39.85745,-88.88189,Observation Site,10.29,1.14,River Valley Zone 16 Sector 1,Y
SRC_LOC_00000174,LOC00000174,EVT0000134,2,SW08,Z156,39.88347,-88.99233,Path End,0.41,1.13,River Valley Zone 16 Sector 2,Y
SRC_LOC_00000175,LOC00000175,EVT0000134,3,SW08,Z156,40.112,-89.08596,Observation Site,3.54,0.21,River Valley Zone 16 Sector 3,Y
SRC_LOC_00000176,LOC00000176,EVT0000135,1,SW06,Z111,45.97216,-101.93207,Path Start,5.77,0.36,Prairie North Zone 11 Sector 1,Y
SRC_LOC_00000177,LOC00000177,EVT0000136,1,SW07,Z125,43.30885,-87.03396,Observation Site,6.05,1.97,Lake Country Zone 05 Sector 1,Y
SRC_LOC_00000178,LOC00000178,EVT0000136,2,SW07,Z125,43.29516,-86.96458,Path End,5.34,1.74,Lake Country Zone 05 Sector 2,Y
SRC_LOC_00000179,LOC00000179,EVT0000137,1,SW07,Z128,42.53994,-87.44612,Point,0.25,2.08,Lake Country Zone 08 Sector 1,Y
SRC_LOC_00000180,LOC00000180,EVT0000138,1,SW07,Z123,43.78243,-88.38698,Path End,2.04,0.47,Lake Country Zone 03 Sector 1,Y
SRC_LOC_00000181,LOC00000181,EVT0000139,1,SW01,Z004,44.38436,-123.47046,Path End,0.58,0.22,North Coast Zone 04 Sector 1,Y
SRC_LOC_00000182,LOC00000182,EVT0000139,2,SW01,Z004,44.46934,-123.57942,Observation Site,5.89,0.74,North Coast Zone 04 Sector 2,Y
SRC_LOC_00000183,LOC00000183,EVT0000139,3,SW01,Z004,44.11005,-123.37445,County/Zone,0.48,3.35,North Coast Zone 04 Sector 3,Y
SRC_LOC_00000184,LOC00000184,EVT0000139,4,SW01,Z004,44.64307,-123.76248,Path End,7.38,0.8,North Coast Zone 04 Sector 4,Y
SRC_LOC_00000185,LOC00000185,EVT0000140,1,SW06,Z114,47.53973,-99.53972,Path Start,10.29,2.42,Prairie North Zone 14 Sector 1,Y
SRC_LOC_00000186,LOC00000186,EVT0000140,2,SW06,Z114,48.10336,-99.66896,Path Start,3.99,1.23,Prairie North Zone 14 Sector 2,Y
SRC_LOC_00000187,LOC00000187,EVT0000141,1,SW01,Z014,44.56232,-120.26487,Path Start,2.9,0.34,North Coast Zone 14 Sector 1,Y
SRC_LOC_00000188,LOC00000188,EVT0000142,1,SW11,Z204,32.72294,-85.58029,Path End,11.54,0.74,Pine Highlands Zone 04 Sector 1,Y
SRC_LOC_00000189,LOC00000189,EVT0000142,2,SW11,Z204,32.9242,-85.61019,County/Zone,18.48,1.52,Pine Highlands Zone 04 Sector 2,Y
SRC_LOC_00000190,LOC00000190,EVT0000143,1,SW11,Z216,33.68022,-81.26642,Point,6.0,1.56,Pine Highlands Zone 16 Sector 1,Y
SRC_LOC_00000191,LOC00000191,EVT0000144,1,SW05,Z087,35.85254,-115.35751,County/Zone,4.59,1.49,Great Basin Zone 07 Sector 1,Y
SRC_LOC_00000192,LOC00000192,EVT0000145,1,SW03,Z051,39.65052,-102.81327,Observation Site,4.62,1.42,High Plains Zone 11 Sector 1,Y
SRC_LOC_00000193,LOC00000193,EVT0000146,1,SW06,Z104,46.29195,-98.20448,Path Start,1.25,2.63,Prairie North Zone 04 Sector 1,Y
SRC_LOC_00000194,LOC00000194,EVT0000146,2,SW06,Z104,46.18258,-97.99296,County/Zone,5.81,0.85,Prairie North Zone 04 Sector 2,Y
SRC_LOC_00000195,LOC00000195,EVT0000147,1,SW04,Z075,34.43709,-110.22092,Path Start,8.56,0.27,Red Mesa Zone 15 Sector 1,Y
SRC_LOC_00000196,LOC00000196,EVT0000147,2,SW04,Z075,34.13573,-109.88843,Path End,7.2,0.99,Red Mesa Zone 15 Sector 2,Y
SRC_LOC_00000197,LOC00000197,EVT0000147,3,SW04,Z075,34.21213,-109.8527,Point,5.51,0.03,Red Mesa Zone 15 Sector 3,Y
SRC_LOC_00000198,LOC00000198,EVT0000147,4,SW04,Z075,34.18576,-110.51724,Path Start,3.6,1.03,Red Mesa Zone 15 Sector 4,Y
SRC_LOC_00000199,LOC00000199,EVT0000148,1,SW01,Z015,44.42808,-119.01883,Path End,7.02,1.01,North Coast Zone 15 Sector 1,Y
SRC_LOC_00000200,LOC00000200,EVT0000149,1,SW03,Z052,41.123,-102.04488,Path Start,12.77,0.04,High Plains Zone 12 Sector 1,Y
SRC_LOC_00000201,LOC00000201,EVT0000149,2,SW03,Z052,41.02963,-102.52873,Point,2.2,1.11,High Plains Zone 12 Sector 2,Y
SRC_LOC_00000202,LOC00000202,EVT0000149,3,SW03,Z052,40.79891,-102.10415,Observation Site,1.02,0.27,High Plains Zone 12 Sector 3,Y
SRC_LOC_00000203,LOC00000203,EVT0000150,1,SW01,Z010,43.26927,-123.79045,Point,2.71,0.15,North Coast Zone 10 Sector 1,Y
SRC_LOC_00000204,LOC00000204,EVT0000151,1,SW11,Z216,33.04656,-81.58387,Path Start,5.94,0.13,Pine Highlands Zone 16 Sector 1,Y
SRC_LOC_00000205,LOC00000205,EVT0000151,2,SW11,Z216,33.06681,-81.2229,Point,2.09,0.59,Pine Highlands Zone 16 Sector 2,Y
SRC_LOC_00000206,LOC00000206,EVT0000151,3,SW11,Z216,33.15679,-80.70775,Path Start,6.29,1.53,Pine Highlands Zone 16 Sector 3,Y
SRC_LOC_00000207,LOC00000207,EVT0000155,1,SW07,Z139,44.81581,-90.09729,Path Start,0.91,0.38,Lake Country Zone 19 Sector 1,Y
SRC_LOC_00000208,LOC00000208,EVT0000156,1,SW05,Z090,40.16567,-114.85968,County/Zone,2.44,1.06,Great Basin Zone 10 Sector 1,Y
SRC_LOC_00000209,LOC00000209,EVT0000156,2,SW05,Z090,40.18214,-115.23579,Observation Site,5.88,0.3,Great Basin Zone 10 Sector 2,Y
SRC_LOC_00000210,LOC00000210,EVT0000157,1,SW08,Z144,39.00671,-93.19275,Path Start,5.1,1.49,River Valley Zone 04 Sector 1,Y
SRC_LOC_00000211,LOC00000211,EVT0000157,2,SW08,Z144,38.65454,-93.54928,County/Zone,12.05,0.39,River Valley Zone 04 Sector 2,Y
SRC_LOC_00000212,LOC00000212,EVT0000158,1,SW04,Z074,36.86597,-109.16398,Observation Site,4.45,0.65,Red Mesa Zone 14 Sector 1,Y
SRC_LOC_00000213,LOC00000213,EVT0000159,1,SW01,Z003,43.96487,-124.45861,Path Start,1.06,0.37,North Coast Zone 03 Sector 1,Y
SRC_LOC_00000214,LOC00000214,EVT0000159,2,SW01,Z003,44.25207,-124.5231,Observation Site,2.66,0.28,North Coast Zone 03 Sector 2,Y
SRC_LOC_00000215,LOC00000215,EVT0000161,1,SW04,Z071,35.18659,-113.19916,Point,14.51,1.13,Red Mesa Zone 11 Sector 1,Y
SRC_LOC_00000216,LOC00000216,EVT0000162,1,SW05,Z094,39.00679,-117.03293,Observation Site,1.31,0.33,Great Basin Zone 14 Sector 1,Y
SRC_LOC_00000217,LOC00000217,EVT0000163,1,SW07,Z130,43.43783,-85.18315,Path Start,10.44,1.75,Lake Country Zone 10 Sector 1,Y
SRC_LOC_00000218,LOC00000218,EVT0000164,1,SW11,Z219,34.10285,-84.49038,Path Start,0.92,0.6,Pine Highlands Zone 19 Sector 1,Y
SRC_LOC_00000219,LOC00000219,EVT0000165,1,SW06,Z115,47.52488,-101.12556,Observation Site,6.14,0.53,Prairie North Zone 15 Sector 1,Y
SRC_LOC_00000220,LOC00000220,EVT0000165,2,SW06,Z115,47.50605,-100.86386,Path Start,5.8,0.85,Prairie North Zone 15 Sector 2,Y
SRC_LOC_00000221,LOC00000221,EVT0000166,1,SW07,Z137,41.46653,-88.61934,Point,6.0,0.06,Lake Country Zone 17 Sector 1,Y
SRC_LOC_00000222,LOC00000222,EVT0000167,1,SW08,Z160,39.51339,-92.29528,Observation Site,6.79,4.0,River Valley Zone 20 Sector 1,Y
SRC_LOC_00000223,LOC00000223,EVT0000167,2,SW08,Z160,39.86939,-92.24057,Path End,3.27,2.97,River Valley Zone 20 Sector 2,Y
SRC_LOC_00000224,LOC00000224,EVT0000168,1,SW04,Z080,32.748,-108.26865,Point,7.61,0.31,Red Mesa Zone 20 Sector 1,Y
SRC_LOC_00000225,LOC00000225,EVT0000170,1,SW02,Z033,45.54242,-121.40462,County/Zone,9.8,2.21,Cascade Zone 13 Sector 1,Y
SRC_LOC_00000226,LOC00000226,EVT0000171,1,SW06,Z114,47.94451,-99.51122,Observation Site,3.45,0.63,Prairie North Zone 14 Sector 1,Y
SRC_LOC_00000227,LOC00000227,EVT0000171,2,SW06,Z114,47.63984,-99.80199,Observation Site,10.06,1.62,Prairie North Zone 14 Sector 2,Y
SRC_LOC_00000228,LOC00000228,EVT0000172,1,SW05,Z089,40.36809,-118.93549,Observation Site,4.15,1.15,Great Basin Zone 09 Sector 1,Y
SRC_LOC_00000229,LOC00000229,EVT0000174,1,SW06,Z102,47.32987,-101.64984,Point,1.85,1.92,Prairie North Zone 02 Sector 1,Y
SRC_LOC_00000230,LOC00000230,EVT0000174,2,SW06,Z102,47.50397,-101.78136,Observation Site,1.08,0.1,Prairie North Zone 02 Sector 2,Y
SRC_LOC_00000231,LOC00000231,EVT0000175,1,SW03,Z056,39.04339,-102.54483,County/Zone,1.72,1.52,High Plains Zone 16 Sector 1,Y
SRC_LOC_00000232,LOC00000232,EVT0000175,2,SW03,Z056,39.21269,-102.5589,Path Start,0.76,0.46,High Plains Zone 16 Sector 2,Y
SRC_LOC_00000233,LOC00000233,EVT0000176,1,SW11,Z211,32.27318,-86.73632,County/Zone,6.53,0.95,Pine Highlands Zone 11 Sector 1,Y
SRC_LOC_00000234,LOC00000234,EVT0000176,2,SW11,Z211,32.41387,-86.99424,Observation Site,2.37,0.2,Pine Highlands Zone 11 Sector 2,Y
SRC_LOC_00000235,LOC00000235,EVT0000176,3,SW11,Z211,32.23728,-87.08968,Path Start,7.38,0.19,Pine Highlands Zone 11 Sector 3,Y
SRC_LOC_00000236,LOC00000236,EVT0000177,1,SW01,Z010,43.17916,-123.36326,Path Start,4.12,0.56,North Coast Zone 10 Sector 1,Y
SRC_LOC_00000237,LOC00000237,EVT0000177,2,SW01,Z010,43.20946,-123.8036,Point,8.82,0.36,North Coast Zone 10 Sector 2,Y
SRC_LOC_00000238,LOC00000238,EVT0000178,1,SW08,Z155,39.14248,-90.52751,Path End,2.86,0.14,River Valley Zone 15 Sector 1,Y
SRC_LOC_00000239,LOC00000239,EVT0000178,2,SW08,Z155,38.92624,-90.56591,Path End,2.79,0.03,River Valley Zone 15 Sector 2,Y
SRC_LOC_00000240,LOC00000240,EVT0000179,1,SW07,Z125,43.25879,-87.06547,Observation Site,12.48,0.64,Lake Country Zone 05 Sector 1,Y
SRC_LOC_00000241,LOC00000241,EVT0000179,2,SW07,Z125,43.24451,-86.86022,Path Start,7.69,0.17,Lake Country Zone 05 Sector 2,Y
SRC_LOC_00000242,LOC00000242,EVT0000183,1,SW02,Z026,47.47263,-120.06056,Path Start,5.34,0.83,Cascade Zone 06 Sector 1,Y
SRC_LOC_00000243,LOC00000243,EVT0000184,1,SW06,Z113,47.17912,-98.14752,Path End,4.22,0.16,Prairie North Zone 13 Sector 1,Y
SRC_LOC_00000244,LOC00000244,EVT0000184,2,SW06,Z113,47.1286,-98.3224,Path End,14.13,0.81,Prairie North Zone 13 Sector 2,Y
SRC_LOC_00000245,LOC00000245,EVT0000185,1,SW02,Z034,47.1538,-119.04734,Point,0.74,0.2,Cascade Zone 14 Sector 1,Y
SRC_LOC_00000246,LOC00000246,EVT0000185,2,SW02,Z034,47.61721,-119.17112,Point,6.12,1.14,Cascade Zone 14 Sector 2,Y
SRC_LOC_00000247,LOC00000247,EVT0000186,1,SW02,Z033,45.18398,-121.57033,Path Start,3.13,1.15,Cascade Zone 13 Sector 1,Y
SRC_LOC_00000248,LOC00000248,EVT0000187,1,SW12,Z236,42.88725,-70.08626,County/Zone,8.16,1.26,Northeast Corridor Zone 16 Sector 1,Y
SRC_LOC_00000249,LOC00000249,EVT0000188,1,SW03,Z042,38.86545,-100.79481,Point,4.89,2.51,High Plains Zone 02 Sector 1,Y
SRC_LOC_00000250,LOC00000250,EVT0000189,1,SW12,Z235,42.02113,-77.98001,Path Start,5.2,0.22,Northeast Corridor Zone 15 Sector 1,Y
SRC_LOC_00000251,LOC00000251,EVT0000189,2,SW12,Z235,41.74565,-77.95197,Observation Site,7.94,0.15,Northeast Corridor Zone 15 Sector 2,Y
SRC_LOC_00000252,LOC00000252,EVT0000189,3,SW12,Z235,41.73222,-77.93111,Path Start,14.5,0.12,Northeast Corridor Zone 15 Sector 3,Y
SRC_LOC_00000253,LOC00000253,EVT0000189,4,SW12,Z235,41.33143,-77.83599,County/Zone,3.54,1.4,Northeast Corridor Zone 15 Sector 4,Y
SRC_LOC_00000254,LOC00000254,EVT0000190,1,SW02,Z021,46.54572,-121.4196,Path Start,2.6,0.12,Cascade Zone 01 Sector 1,Y
SRC_LOC_00000255,LOC00000255,EVT0000191,1,SW04,Z076,34.58559,-111.37702,Path End,4.02,0.69,Red Mesa Zone 16 Sector 1,Y
SRC_LOC_00000256,LOC00000256,EVT0000192,1,SW11,Z203,33.263,-83.4059,County/Zone,0.96,0.49,Pine Highlands Zone 03 Sector 1,Y
SRC_LOC_00000257,LOC00000257,EVT0000192,2,SW11,Z203,32.8834,-83.41903,Observation Site,1.95,0.13,Pine Highlands Zone 03 Sector 2,Y
SRC_LOC_00000258,LOC00000258,EVT0000193,1,SW10,Z184,35.83102,-76.73231,Point,1.76,0.32,Atlantic Ridge Zone 04 Sector 1,Y
SRC_LOC_00000259,LOC00000259,EVT0000194,1,SW03,Z043,39.63698,-102.82167,Path End,9.52,0.43,High Plains Zone 03 Sector 1,Y
SRC_LOC_00000260,LOC00000260,EVT0000194,2,SW03,Z043,39.85822,-102.18983,Path Start,11.12,1.77,High Plains Zone 03 Sector 2,Y
SRC_LOC_00000261,LOC00000261,EVT0000195,1,SW11,Z205,34.98661,-86.05192,Path Start,5.46,0.65,Pine Highlands Zone 05 Sector 1,Y
SRC_LOC_00000262,LOC00000262,EVT0000196,1,SW06,Z102,47.46737,-101.45382,County/Zone,3.21,1.04,Prairie North Zone 02 Sector 1,Y
SRC_LOC_00000263,LOC00000263,EVT0000197,1,SW06,Z110,45.71411,-100.79777,Path End,2.32,0.37,Prairie North Zone 10 Sector 1,Y
SRC_LOC_00000264,LOC00000264,EVT0000197,2,SW06,Z110,45.60942,-100.29123,Point,0.65,0.93,Prairie North Zone 10 Sector 2,Y
SRC_LOC_00000265,LOC00000265,EVT0000198,1,SW04,Z061,33.38358,-110.65148,Point,3.48,2.16,Red Mesa Zone 01 Sector 1,Y
SRC_LOC_00000266,LOC00000266,EVT0000200,1,SW03,Z055,40.13234,-102.58675,Path Start,4.74,1.13,High Plains Zone 15 Sector 1,Y
SRC_LOC_00000267,LOC00000267,EVT0000200,2,SW03,Z055,39.79335,-103.03463,Observation Site,3.88,0.56,High Plains Zone 15 Sector 2,Y
SRC_LOC_00000268,LOC00000268,EVT0000202,1,SW08,Z155,38.47195,-90.51939,Path Start,7.3,0.49,River Valley Zone 15 Sector 1,Y
SRC_LOC_00000269,LOC00000269,EVT0000203,1,SW09,Z174,29.96024,-93.96769,Point,4.02,2.43,Gulf Reach Zone 14 Sector 1,Y
SRC_LOC_00000270,LOC00000270,EVT0000204,1,SW03,Z059,41.82859,-99.56057,Path End,10.24,0.98,High Plains Zone 19 Sector 1,Y
SRC_LOC_00000271,LOC00000271,EVT0000205,1,SW04,Z062,33.36507,-108.53973,Path End,4.4,1.86,Red Mesa Zone 02 Sector 1,Y
SRC_LOC_00000272,LOC00000272,EVT0000205,2,SW04,Z062,33.0987,-108.57863,Observation Site,2.11,0.36,Red Mesa Zone 02 Sector 2,Y
SRC_LOC_00000273,LOC00000273,EVT0000205,3,SW04,Z062,33.14957,-108.6269,Observation Site,4.55,1.24,Red Mesa Zone 02 Sector 3,Y
SRC_LOC_00000274,LOC00000274,EVT0000206,1,SW06,Z110,45.63805,-100.10999,Path End,4.94,0.25,Prairie North Zone 10 Sector 1,Y
SRC_LOC_00000275,LOC00000275,EVT0000206,2,SW06,Z110,45.5784,-100.52941,Point,5.84,0.44,Prairie North Zone 10 Sector 2,Y
SRC_LOC_00000276,LOC00000276,EVT0000206,3,SW06,Z110,45.72262,-100.12041,Path End,0.55,2.32,Prairie North Zone 10 Sector 3,Y
SRC_LOC_00000277,LOC00000277,EVT0000206,4,SW06,Z110,45.80268,-100.35225,County/Zone,6.9,0.83,Prairie North Zone 10 Sector 4,Y
SRC_LOC_00000278,LOC00000278,EVT0000207,1,SW10,Z186,34.52613,-79.85815,Path Start,6.84,1.19,Atlantic Ridge Zone 06 Sector 1,Y
SRC_LOC_00000279,LOC00000279,EVT0000207,2,SW10,Z186,34.54618,-80.26232,County/Zone,5.27,0.61,Atlantic Ridge Zone 06 Sector 2,Y
SRC_LOC_00000280,LOC00000280,EVT0000208,1,SW02,Z025,48.06496,-121.07117,Path Start,11.93,5.0,Cascade Zone 05 Sector 1,Y
SRC_LOC_00000281,LOC00000281,EVT0000209,1,SW09,Z164,29.67513,-90.742,County/Zone,2.08,1.42,Gulf Reach Zone 04 Sector 1,Y
SRC_LOC_00000282,LOC00000282,EVT0000210,1,SW10,Z181,34.56907,-80.301,Point,0.41,0.26,Atlantic Ridge Zone 01 Sector 1,Y
SRC_LOC_00000283,LOC00000283,EVT0000211,1,SW01,Z016,46.82298,-123.20239,Path Start,2.58,0.25,North Coast Zone 16 Sector 1,Y
SRC_LOC_00000284,LOC00000284,EVT0000212,1,SW02,Z035,45.58965,-123.55384,Path Start,1.26,0.63,Cascade Zone 15 Sector 1,Y
SRC_LOC_00000285,LOC00000285,EVT0000214,1,SW08,Z146,39.30247,-92.6046,Path End,4.85,0.47,River Valley Zone 06 Sector 1,Y
SRC_LOC_00000286,LOC00000286,EVT0000215,1,SW12,Z233,43.36575,-76.08488,Observation Site,3.22,0.24,Northeast Corridor Zone 13 Sector 1,Y
SRC_LOC_00000287,LOC00000287,EVT0000215,2,SW12,Z233,43.11104,-75.16945,Observation Site,0.67,0.24,Northeast Corridor Zone 13 Sector 2,Y
SRC_LOC_00000288,LOC00000288,EVT0000216,1,SW04,Z075,34.26841,-109.83293,Path Start,0.8,1.03,Red Mesa Zone 15 Sector 1,Y
SRC_LOC_00000289,LOC00000289,EVT0000216,2,SW04,Z075,34.22634,-110.34341,Point,5.37,1.0,Red Mesa Zone 15 Sector 2,Y
SRC_LOC_00000290,LOC00000290,EVT0000218,1,SW07,Z121,45.75754,-88.14209,Observation Site,3.75,2.5,Lake Country Zone 01 Sector 1,Y
SRC_LOC_00000291,LOC00000291,EVT0000219,1,SW03,Z051,40.06238,-102.15173,Path Start,2.26,0.36,High Plains Zone 11 Sector 1,Y
SRC_LOC_00000292,LOC00000292,EVT0000220,1,SW07,Z132,43.41283,-87.1165,Path End,0.25,0.06,Lake Country Zone 12 Sector 1,Y
SRC_LOC_00000293,LOC00000293,EVT0000221,1,SW10,Z183,34.29218,-81.20287,Path Start,11.53,0.13,Atlantic Ridge Zone 03 Sector 1,Y
SRC_LOC_00000294,LOC00000294,EVT0000222,1,SW12,Z223,41.21738,-69.8786,Point,2.92,1.0,Northeast Corridor Zone 03 Sector 1,Y
SRC_LOC_00000296,LOC00000296,EVT0000226,1,SW10,Z197,34.77749,-78.87489,Path End,2.99,1.09,Atlantic Ridge Zone 17 Sector 1,Y
SRC_LOC_00000297,LOC00000297,EVT0000227,1,SW11,Z218,33.69413,-83.3073,Path Start,1.93,2.4,Pine Highlands Zone 18 Sector 1,Y
SRC_LOC_00000298,LOC00000298,EVT0000227,2,SW11,Z218,33.59154,-83.31336,Observation Site,9.51,0.89,Pine Highlands Zone 18 Sector 2,Y
SRC_LOC_00000299,LOC00000299,EVT0000228,1,SW11,Z211,32.56367,-86.78775,Point,1.93,0.35,Pine Highlands Zone 11 Sector 1,Y
SRC_LOC_00000300,LOC00000300,EVT0000229,1,SW08,Z149,37.29331,-91.39087,County/Zone,5.66,0.21,River Valley Zone 09 Sector 1,Y
SRC_LOC_00000301,LOC00000301,EVT0000229,2,SW08,Z149,37.10673,-91.3724,Path Start,2.46,0.97,River Valley Zone 09 Sector 2,Y
SRC_LOC_00000302,LOC00000302,EVT0000229,3,SW08,Z149,37.33106,-91.61624,Observation Site,1.46,0.55,River Valley Zone 09 Sector 3,Y
SRC_LOC_00000303,LOC00000303,EVT0000230,1,SW03,Z051,39.79771,-102.44647,Path Start,5.74,2.62,High Plains Zone 11 Sector 1,Y
SRC_LOC_00000304,LOC00000304,EVT0000231,1,SW02,Z033,45.28217,-121.69418,County/Zone,0.82,0.79,Cascade Zone 13 Sector 1,Y
SRC_LOC_00000305,LOC00000305,EVT0000231,2,SW02,Z033,44.99117,-121.81864,Path End,4.2,0.84,Cascade Zone 13 Sector 2,Y
SRC_LOC_00000306,LOC00000306,EVT0000232,1,SW04,Z067,34.25891,-108.30654,Observation Site,2.55,0.18,Red Mesa Zone 07 Sector 1,Y
SRC_LOC_00000307,LOC00000307,EVT0000233,1,SW09,Z166,29.66777,-91.38714,Path Start,5.11,0.21,Gulf Reach Zone 06 Sector 1,Y
SRC_LOC_00000308,LOC00000308,EVT0000233,2,SW09,Z166,29.83051,-91.16596,Observation Site,1.53,1.2,Gulf Reach Zone 06 Sector 2,Y
SRC_LOC_00000309,LOC00000309,EVT0000234,1,SW05,Z086,39.07243,-117.10564,Observation Site,0.12,1.87,Great Basin Zone 06 Sector 1,Y
SRC_LOC_00000310,LOC00000310,EVT0000235,1,SW05,Z096,39.71351,-116.14375,Point,14.24,0.4,Great Basin Zone 16 Sector 1,Y
SRC_LOC_00000311,LOC00000311,EVT0000236,1,SW03,Z048,40.98805,-103.88702,Path Start,0.99,0.46,High Plains Zone 08 Sector 1,Y
SRC_LOC_00000312,LOC00000312,EVT0000236,2,SW03,Z048,41.38614,-103.73207,Path Start,2.55,0.9,High Plains Zone 08 Sector 2,Y
SRC_LOC_00000313,LOC00000313,EVT0000236,3,SW03,Z048,41.59448,-103.92386,Point,13.63,2.37,High Plains Zone 08 Sector 3,Y
SRC_LOC_00000314,LOC00000314,EVT0000236,4,SW03,Z048,41.04815,-103.10424,County/Zone,1.17,1.02,High Plains Zone 08 Sector 4,Y
SRC_LOC_00000315,LOC00000315,EVT0000237,1,SW12,Z229,42.48945,-72.70775,Path Start,13.18,0.05,Northeast Corridor Zone 09 Sector 1,Y
SRC_LOC_00000316,LOC00000316,EVT0000238,1,SW02,Z029,45.5886,-123.16479,Path End,0.45,0.97,Cascade Zone 09 Sector 1,Y
SRC_LOC_00000317,LOC00000317,EVT0000238,2,SW02,Z029,45.7554,-122.68329,County/Zone,8.83,0.39,Cascade Zone 09 Sector 2,Y
SRC_LOC_00000318,LOC00000318,EVT0000239,1,SW01,Z010,43.30247,-123.88308,Observation Site,2.7,1.52,North Coast Zone 10 Sector 1,Y
SRC_LOC_00000319,LOC00000319,EVT0000239,2,SW01,Z010,43.01657,-123.82438,Path Start,14.57,0.19,North Coast Zone 10 Sector 2,Y
SRC_LOC_00000320,LOC00000320,EVT0000240,1,SW07,Z128,42.41827,-87.53352,Path End,3.19,0.23,Lake Country Zone 08 Sector 1,Y
SRC_LOC_00000321,LOC00000321,EVT0000240,2,SW07,Z128,42.25609,-87.88559,Path End,2.46,0.29,Lake Country Zone 08 Sector 2,Y
SRC_LOC_00000322,LOC00000322,EVT0000240,3,SW07,Z128,42.37462,-87.54455,County/Zone,7.03,0.22,Lake Country Zone 08 Sector 3,Y
SRC_LOC_00000323,LOC00000323,EVT0000242,1,SW02,Z021,46.58446,-121.53363,Observation Site,3.61,0.95,Cascade Zone 01 Sector 1,Y
SRC_LOC_00000324,LOC00000324,EVT0000242,2,SW02,Z021,46.622,-121.26275,Path Start,3.7,1.78,Cascade Zone 01 Sector 2,Y
SRC_LOC_00000325,LOC00000325,EVT0000243,1,SW08,Z144,39.27299,-93.34725,Path End,11.15,0.94,River Valley Zone 04 Sector 1,Y
SRC_LOC_00000326,LOC00000326,EVT0000244,1,SW06,Z103,46.40993,-97.77576,Path End,4.04,2.11,Prairie North Zone 03 Sector 1,Y
SRC_LOC_00000327,LOC00000327,EVT0000245,1,SW11,Z215,33.28287,-84.07521,County/Zone,8.73,1.28,Pine Highlands Zone 15 Sector 1,Y
SRC_LOC_00000328,LOC00000328,EVT0000246,1,SW03,Z048,123.456,-103.4533,Point,5.34,1.97,High Plains Zone 08 Sector 1,Y
SRC_LOC_00000329,LOC00000329,EVT0000247,1,SW06,Z109,45.82638,-102.12678,Observation Site,6.37,0.7,Prairie North Zone 09 Sector 1,Y
SRC_LOC_00000330,LOC00000330,EVT0000248,1,SW02,Z027,47.78313,-121.47233,County/Zone,3.44,2.24,Cascade Zone 07 Sector 1,Y
SRC_LOC_00000331,LOC00000331,EVT0000249,1,SW05,Z085,39.15228,-112.96223,Point,0.34,0.13,Great Basin Zone 05 Sector 1,Y
SRC_LOC_00000332,LOC00000332,EVT0000250,1,SW12,Z232,44.28341,-74.46912,Path Start,2.72,0.75,Northeast Corridor Zone 12 Sector 1,Y
SRC_LOC_00000333,LOC00000333,EVT0000250,2,SW12,Z232,44.55476,-74.46322,Point,0.8,4.25,Northeast Corridor Zone 12 Sector 2,Y
SRC_LOC_00000334,LOC00000334,EVT0000251,1,SW09,Z178,29.31495,-89.95502,County/Zone,0.34,3.97,Gulf Reach Zone 18 Sector 1,Y
SRC_LOC_00000335,LOC00000335,EVT0000251,2,SW09,Z178,29.7087,-90.38007,Point,4.29,0.02,Gulf Reach Zone 18 Sector 2,Y
SRC_LOC_00000336,LOC00000336,EVT0000252,1,SW03,Z052,40.66661,-101.97772,Path Start,2.96,0.39,High Plains Zone 12 Sector 1,Y
SRC_LOC_00000337,LOC00000337,EVT0000253,1,SW01,Z016,46.91307,-123.45076,County/Zone,0.43,0.48,North Coast Zone 16 Sector 1,Y
SRC_LOC_00000338,LOC00000338,EVT0000254,1,SW09,Z180,30.16444,-92.69107,Point,3.72,2.73,Gulf Reach Zone 20 Sector 1,Y
SRC_LOC_00000339,LOC00000339,EVT0000254,2,SW09,Z180,30.61598,-92.83315,Path Start,7.23,0.98,Gulf Reach Zone 20 Sector 2,Y
SRC_LOC_00000340,LOC00000340,EVT0000255,1,SW10,Z184,36.02301,-76.83147,Path End,0.95,0.31,Atlantic Ridge Zone 04 Sector 1,Y
SRC_LOC_00000341,LOC00000341,EVT0000257,1,SW02,Z039,45.88959,-121.62374,Observation Site,6.29,1.92,Cascade Zone 19 Sector 1,Y
SRC_LOC_00000342,LOC00000342,EVT0000257,2,SW02,Z039,45.3953,-120.7993,Path Start,7.91,0.18,Cascade Zone 19 Sector 2,Y
SRC_LOC_00000343,LOC00000343,EVT0000258,1,SW05,Z100,40.35347,-115.4274,Point,9.05,3.07,Great Basin Zone 20 Sector 1,Y
SRC_LOC_00000344,LOC00000344,EVT0000259,1,SW12,Z225,45.91474,-71.74071,Point,10.49,0.15,Northeast Corridor Zone 05 Sector 1,Y
SRC_LOC_00000345,LOC00000345,EVT0000259,2,SW12,Z225,45.64356,-71.2877,Observation Site,1.06,0.1,Northeast Corridor Zone 05 Sector 2,Y
SRC_LOC_00000346,LOC00000346,EVT0000260,1,SW08,Z153,38.82329,-91.16668,Path End,5.77,0.79,River Valley Zone 13 Sector 1,Y
SRC_LOC_00000347,LOC00000347,EVT0000262,1,SW10,Z190,35.30221,-75.74423,Observation Site,5.25,0.26,Atlantic Ridge Zone 10 Sector 1,Y
SRC_LOC_00000348,LOC00000348,EVT0000263,1,SW07,Z132,43.38752,-87.01621,Path End,5.77,0.53,Lake Country Zone 12 Sector 1,Y
SRC_LOC_00000349,LOC00000349,EVT0000263,2,SW07,Z132,43.35494,-87.55234,Path Start,1.18,2.46,Lake Country Zone 12 Sector 2,Y
SRC_LOC_00000350,LOC00000350,EVT0000263,2,SW07,Z132,43.66939,-87.31893,Path Start,2.25,0.64,Lake Country Zone 12 Sector 3,Y
SRC_LOC_00000351,LOC00000351,EVT0000264,1,SW12,Z227,41.67171,-72.58449,Observation Site,3.37,0.59,Northeast Corridor Zone 07 Sector 1,Y
SRC_LOC_00000352,LOC00000352,EVT0000265,1,SW04,Z067,34.17065,-107.96663,Point,1.79,0.25,Red Mesa Zone 07 Sector 1,Y
SRC_LOC_00000353,LOC00000353,EVT0000267,1,SW02,Z030,44.0232,-121.01324,Path Start,0.91,0.04,Cascade Zone 10 Sector 1,Y
SRC_LOC_00000354,LOC00000354,EVT0000267,2,SW02,Z030,44.1431,-120.66944,Point,7.98,0.32,Cascade Zone 10 Sector 2,Y
SRC_LOC_00000355,LOC00000355,EVT0000267,3,SW02,Z030,44.21929,-120.46375,Path End,0.21,0.47,Cascade Zone 10 Sector 3,Y
SRC_LOC_00000356,LOC00000356,EVT0000268,1,SW04,Z061,33.93578,-110.69391,Observation Site,2.16,1.37,Red Mesa Zone 01 Sector 1,Y
SRC_LOC_00000357,LOC00000357,EVT0000269,1,SW12,Z235,41.70389,-77.86845,Point,1.82,0.03,Northeast Corridor Zone 15 Sector 1,Y
SRC_LOC_00000358,LOC00000358,EVT0000269,2,SW12,Z235,41.43653,-78.2193,Point,10.52,0.69,Northeast Corridor Zone 15 Sector 2,Y
SRC_LOC_00000359,LOC00000359,EVT0000270,1,SW05,Z089,40.39368,-118.66744,County/Zone,2.32,1.09,Great Basin Zone 09 Sector 1,Y
SRC_LOC_00000360,LOC00000360,EVT0000272,1,SW01,Z001,44.6598,-121.92425,Path End,2.15,0.69,North Coast Zone 01 Sector 1,Y
SRC_LOC_00000361,LOC00000361,EVT0000273,1,SW02,Z030,44.21454,-120.66767,Path Start,3.17,0.44,Cascade Zone 10 Sector 1,Y
SRC_LOC_00000362,LOC00000362,EVT0000274,1,SW04,Z065,35.91412,-110.64315,Path End,9.81,5.38,Red Mesa Zone 05 Sector 1,Y
SRC_LOC_00000363,LOC00000363,EVT0000276,1,SW11,Z214,32.55321,-84.03716,County/Zone,3.35,0.84,Pine Highlands Zone 14 Sector 1,Y
SRC_LOC_00000364,LOC00000364,EVT0000276,2,SW11,Z214,32.63812,-83.94438,Path Start,0.64,2.95,Pine Highlands Zone 14 Sector 2,Y
SRC_LOC_00000365,LOC00000365,EVT0000277,1,SW07,Z124,42.20647,-87.56385,Path Start,3.18,0.59,Lake Country Zone 04 Sector 1,Y
SRC_LOC_00000366,LOC00000366,EVT0000278,1,SW08,Z151,37.21387,-90.27122,Path Start,3.58,0.18,River Valley Zone 11 Sector 1,Y
SRC_LOC_00000367,LOC00000367,EVT0000280,1,SW12,Z229,42.38823,-72.44524,County/Zone,1.03,0.5,Northeast Corridor Zone 09 Sector 1,Y
SRC_LOC_00000368,LOC00000368,EVT0000281,1,SW11,Z201,35.05077,-85.46485,Observation Site,1.9,1.27,Pine Highlands Zone 01 Sector 1,Y
SRC_LOC_00000369,LOC00000369,EVT0000282,1,SW09,Z167,27.91779,-92.69192,Path End,21.54,0.41,Gulf Reach Zone 07 Sector 1,Y
SRC_LOC_00000370,LOC00000370,EVT0000283,1,SW05,Z092,38.00398,-114.91186,County/Zone,1.72,0.92,Great Basin Zone 12 Sector 1,Y
SRC_LOC_00000371,LOC00000371,EVT0000283,2,SW05,Z092,38.16046,-114.31042,Path Start,1.17,0.41,Great Basin Zone 12 Sector 2,Y
SRC_LOC_00000372,LOC00000372,EVT0000284,1,SW07,Z130,43.33486,-84.81583,County/Zone,2.89,0.98,Lake Country Zone 10 Sector 1,Y
SRC_LOC_00000373,LOC00000373,EVT0000284,2,SW07,Z130,43.1124,-84.40917,Point,13.99,0.15,Lake Country Zone 10 Sector 2,Y
SRC_LOC_00000374,LOC00000374,EVT0000285,1,SW06,Z103,46.70623,-98.46284,County/Zone,5.63,2.49,Prairie North Zone 03 Sector 1,Y
SRC_LOC_00000375,LOC00000375,EVT0000286,1,SW01,Z002,41.84263,-123.14632,Observation Site,2.35,1.43,North Coast Zone 02 Sector 1,Y
SRC_LOC_00000376,LOC00000376,EVT0000286,2,SW01,Z002,41.8657,-123.23337,Path Start,0.23,3.36,North Coast Zone 02 Sector 2,Y
SRC_LOC_00000377,LOC00000377,EVT0000288,1,SW07,Z122,42.53596,-88.88692,Path Start,8.25,0.23,Lake Country Zone 02 Sector 1,Y
SRC_LOC_00000378,LOC00000378,EVT0000289,1,SW12,Z228,44.19224,-73.68123,Observation Site,9.97,0.11,Northeast Corridor Zone 08 Sector 1,Y
SRC_LOC_00000379,LOC00000379,EVT0000289,2,SW12,Z228,44.50614,-74.15294,Observation Site,1.87,1.45,Northeast Corridor Zone 08 Sector 2,Y
SRC_LOC_00000380,LOC00000380,EVT0000289,3,SW12,Z228,44.23402,-73.46708,County/Zone,5.82,0.52,Northeast Corridor Zone 08 Sector 3,Y
SRC_LOC_00000381,LOC00000381,EVT0000290,1,SW03,Z041,37.51244,-104.3183,Path Start,3.01,0.11,High Plains Zone 01 Sector 1,Y
SRC_LOC_00000382,LOC00000382,EVT0000291,1,SW09,Z173,30.32007,-92.21367,Path Start,5.73,1.82,Gulf Reach Zone 13 Sector 1,Y
SRC_LOC_00000383,LOC00000383,EVT0000293,1,SW04,Z078,34.66259,-108.89779,Path End,3.0,0.68,Red Mesa Zone 18 Sector 1,Y
SRC_LOC_00000384,LOC00000384,EVT0000294,1,SW02,Z028,46.53895,-122.82525,Path Start,3.73,0.79,Cascade Zone 08 Sector 1,Y
SRC_LOC_00000385,LOC00000385,EVT0000295,1,SW01,Z018,44.63327,-126.57905,Observation Site,3.83,0.17,North Coast Zone 18 Sector 1,Y
SRC_LOC_00000386,LOC00000386,EVT0000295,2,SW01,Z018,44.14219,-126.66663,Path End,4.99,1.16,North Coast Zone 18 Sector 2,Y
SRC_LOC_00000387,LOC00000387,EVT0000296,1,BAD,Z044,41.2956,-102.37979,Observation Site,9.41,5.2,High Plains Zone 04 Sector 1,Y
SRC_LOC_00000388,LOC00000388,EVT0000297,1,SW11,Z208,32.99466,-82.72417,Path Start,1.1,2.67,Pine Highlands Zone 08 Sector 1,Y
SRC_LOC_00000389,LOC00000389,EVT0000298,1,SW10,Z188,35.91698,-76.31879,County/Zone,0.31,1.05,Atlantic Ridge Zone 08 Sector 1,Y
SRC_LOC_00000390,LOC00000390,EVT0000300,1,SW11,Z203,33.14841,-83.42475,County/Zone,2.03,0.2,Pine Highlands Zone 03 Sector 1,Y
SRC_LOC_00000391,LOC00000391,EVT0000301,1,SW12,Z231,42.31159,-71.19577,Point,3.31,1.5,Northeast Corridor Zone 11 Sector 1,Y
SRC_LOC_00000392,LOC00000392,EVT0000301,2,SW12,Z231,42.40129,-71.74184,County/Zone,14.81,1.15,Northeast Corridor Zone 11 Sector 2,Y
SRC_LOC_00000393,LOC00000393,EVT0000302,1,SW04,Z072,34.62915,-106.83236,Observation Site,3.9,1.36,Red Mesa Zone 12 Sector 1,Y
SRC_LOC_00000394,LOC00000394,EVT0000303,1,SW09,Z173,30.43437,-91.48672,Point,6.77,4.67,Gulf Reach Zone 13 Sector 1,Y
SRC_LOC_00000395,LOC00000395,EVT0000303,2,SW09,Z173,30.24732,-91.63619,County/Zone,11.51,0.06,Gulf Reach Zone 13 Sector 2,Y
SRC_LOC_00000396,LOC00000396,EVT0000304,1,SW11,Z210,35.47581,-84.42447,Point,3.04,1.69,Pine Highlands Zone 10 Sector 1,Y
SRC_LOC_00000397,LOC00000397,EVT0000306,1,SW07,Z122,42.67065,-88.88775,Observation Site,9.08,0.71,Lake Country Zone 02 Sector 1,Y
SRC_LOC_00000398,LOC00000398,EVT0000306,2,SW07,Z122,42.58402,-88.59566,Point,3.97,0.14,Lake Country Zone 02 Sector 2,Y
SRC_LOC_00000399,LOC00000399,EVT0000307,1,SW12,Z237,40.739,-72.98806,Observation Site,2.8,1.1,Northeast Corridor Zone 17 Sector 1,Y
SRC_LOC_00000400,LOC00000400,EVT0000307,2,SW12,Z237,40.69004,-73.20437,Point,1.89,0.51,Northeast Corridor Zone 17 Sector 2,Y
SRC_LOC_00000401,LOC00000401,EVT0000308,1,SW06,Z112,47.12445,-99.31961,Observation Site,6.49,0.72,Prairie North Zone 12 Sector 1,Y
SRC_LOC_00000402,LOC00000402,EVT0000309,1,SW04,Z062,33.15267,-108.61523,Point,5.12,0.99,Red Mesa Zone 02 Sector 1,Y
SRC_LOC_00000403,LOC00000403,EVT0000311,1,SW01,Z001,44.37775,-121.88316,Path End,2.78,0.02,North Coast Zone 01 Sector 1,Y
SRC_LOC_00000404,LOC00000404,EVT0000311,2,SW01,Z001,44.5448,-122.2832,Path End,1.51,1.94,North Coast Zone 01 Sector 2,Y
SRC_LOC_00000405,LOC00000405,EVT0000312,1,SW07,Z132,43.12244,-87.32141,Path Start,4.24,0.2,Lake Country Zone 12 Sector 1,Y
SRC_LOC_00000406,LOC00000406,EVT0000312,2,SW07,Z132,43.51364,-87.27887,County/Zone,1.14,0.39,Lake Country Zone 12 Sector 2,Y
SRC_LOC_00000407,LOC00000407,EVT0000314,1,SW10,Z187,34.86481,-78.23681,Point,1.66,4.53,Atlantic Ridge Zone 07 Sector 1,Y
SRC_LOC_00000408,LOC00000408,EVT0000315,1,SW03,Z055,39.81889,-103.2044,Point,3.41,0.68,High Plains Zone 15 Sector 1,Y
SRC_LOC_00000409,LOC00000409,EVT0000316,1,SW10,Z186,34.90557,-80.05575,Path End,3.03,0.62,Atlantic Ridge Zone 06 Sector 1,Y
SRC_LOC_00000410,LOC00000410,EVT0000317,1,SW08,Z158,38.00851,-89.69721,Path Start,8.46,0.16,River Valley Zone 18 Sector 1,Y
SRC_LOC_00000411,LOC00000411,EVT0000317,2,SW08,Z158,38.03989,-89.40021,Path End,9.43,0.62,River Valley Zone 18 Sector 2,Y
SRC_LOC_00000412,LOC00000412,EVT0000317,3,SW08,Z158,37.96047,-89.33392,Point,3.87,0.47,River Valley Zone 18 Sector 3,Y
SRC_LOC_00000413,LOC00000413,EVT0000317,4,SW08,Z158,38.06974,-89.28097,Point,0.34,1.01,River Valley Zone 18 Sector 4,Y
SRC_LOC_00000414,LOC00000414,EVT0000318,1,SW12,Z228,43.83046,-73.86213,Path Start,5.9,0.11,Northeast Corridor Zone 08 Sector 1,Y
SRC_LOC_00000415,LOC00000415,EVT0000318,2,SW12,Z228,44.02659,-73.97206,County/Zone,2.59,1.83,Northeast Corridor Zone 08 Sector 2,Y
SRC_LOC_00000416,LOC00000416,EVT0000319,1,SW10,Z195,36.46677,-77.27952,Point,4.17,0.35,Atlantic Ridge Zone 15 Sector 1,Y
SRC_LOC_00000417,LOC00000417,EVT0000319,2,SW10,Z195,36.39531,-77.34383,Observation Site,0.48,0.33,Atlantic Ridge Zone 15 Sector 2,Y
SRC_LOC_00000418,LOC00000418,EVT0000319,3,SW10,Z195,36.50808,-77.40672,Observation Site,3.45,1.01,Atlantic Ridge Zone 15 Sector 3,Y
SRC_LOC_00000419,LOC00000419,EVT0000320,1,SW09,Z171,31.03742,-89.33793,Point,4.36,0.25,Gulf Reach Zone 11 Sector 1,Y
SRC_LOC_00000420,LOC00000420,EVT0000320,2,SW09,Z171,30.37023,-89.04378,Point,5.05,0.18,Gulf Reach Zone 11 Sector 2,Y
SRC_LOC_00000421,LOC00000421,EVT0000320,3,SW09,Z171,30.81673,-89.29998,Path Start,2.24,0.09,Gulf Reach Zone 11 Sector 3,Y
SRC_LOC_00000422,LOC00000422,EVT0000321,1,SW04,Z064,35.03064,-109.76914,Observation Site,2.36,0.27,Red Mesa Zone 04 Sector 1,Y
SRC_LOC_00000423,LOC00000423,EVT0000321,2,SW04,Z064,34.79186,-110.29686,Point,2.4,0.72,Red Mesa Zone 04 Sector 2,Y
SRC_LOC_00000424,LOC00000424,EVT0000321,3,SW04,Z064,34.82239,-109.9795,Point,2.1,1.16,Red Mesa Zone 04 Sector 3,Y
SRC_LOC_00000425,LOC00000425,EVT0000322,1,SW10,Z187,34.93843,-77.55683,Observation Site,3.76,0.92,Atlantic Ridge Zone 07 Sector 1,Y
SRC_LOC_00000426,LOC00000426,EVT0000323,1,SW03,Z057,38.86593,-103.2901,Path Start,0.65,0.46,High Plains Zone 17 Sector 1,Y
SRC_LOC_00000427,LOC00000427,EVT0000324,1,SW12,Z239,41.61745,-72.16731,Point,2.47,2.4,Northeast Corridor Zone 19 Sector 1,Y
SRC_LOC_00000428,LOC00000428,EVT0000325,1,SW04,Z077,34.20658,-112.91983,County/Zone,1.11,0.29,Red Mesa Zone 17 Sector 1,Y
SRC_LOC_00000429,LOC00000429,EVT0000325,2,SW04,Z077,34.28054,-112.99623,Point,9.69,0.8,Red Mesa Zone 17 Sector 2,Y
SRC_LOC_00000430,LOC00000430,EVT0000325,3,SW04,Z077,33.91024,-113.1967,Observation Site,4.72,1.85,Red Mesa Zone 17 Sector 3,Y
SRC_LOC_00000431,LOC00000431,EVT0000327,1,SW09,Z166,30.02868,-91.63588,Path End,4.44,1.2,Gulf Reach Zone 06 Sector 1,Y
SRC_LOC_00000432,LOC00000432,EVT0000328,1,SW04,Z075,34.30485,-110.37975,Path End,3.42,1.81,Red Mesa Zone 15 Sector 1,Y
SRC_LOC_00000433,LOC00000433,EVT0000329,1,SW01,Z005,44.38995,-125.8304,County/Zone,10.71,0.17,North Coast Zone 05 Sector 1,Y
SRC_LOC_00000434,LOC00000434,EVT0000331,1,SW03,Z043,39.89362,-102.40622,County/Zone,2.09,0.67,High Plains Zone 03 Sector 1,Y
SRC_LOC_00000435,LOC00000435,EVT0000332,1,SW11,Z208,32.92129,-82.01983,Path End,10.26,1.12,Pine Highlands Zone 08 Sector 1,Y
SRC_LOC_00000436,LOC00000436,EVT0000333,1,SW10,Z196,37.28234,-80.31785,Path Start,5.47,2.63,Atlantic Ridge Zone 16 Sector 1,Y
SRC_LOC_00000437,LOC00000437,EVT0000334,1,SW03,Z047,40.97749,-103.65762,Observation Site,3.01,1.43,High Plains Zone 07 Sector 1,Y
SRC_LOC_00000438,LOC00000438,EVT0000336,1,SW08,Z154,37.8827,-90.36675,County/Zone,8.42,2.18,River Valley Zone 14 Sector 1,Y
SRC_LOC_00000439,LOC00000439,EVT0000337,1,SW11,Z201,35.004,-85.6711,Path Start,3.99,1.96,Pine Highlands Zone 01 Sector 1,Y
SRC_LOC_00000440,LOC00000440,EVT0000338,1,SW04,Z078,34.96376,-109.11639,Path End,3.55,1.94,Red Mesa Zone 18 Sector 1,Y
SRC_LOC_00000441,LOC00000441,EVT0000338,2,SW04,Z078,34.99936,-109.03067,Observation Site,0.75,0.1,Red Mesa Zone 18 Sector 2,Y
SRC_LOC_00000442,LOC00000442,EVT0000338,3,SW04,Z078,34.82925,-108.7732,Path Start,6.05,0.16,Red Mesa Zone 18 Sector 3,Y
SRC_LOC_00000443,LOC00000443,EVT0000340,1,SW08,Z159,36.99515,-88.92906,Observation Site,3.35,1.06,River Valley Zone 19 Sector 1,Y
SRC_LOC_00000444,LOC00000444,EVT0000341,1,SW02,Z026,47.34822,-120.20988,Point,3.7,0.41,Cascade Zone 06 Sector 1,Y
SRC_LOC_00000445,LOC00000445,EVT0000342,1,SW10,Z186,34.54838,-80.09501,Point,3.23,0.23,Atlantic Ridge Zone 06 Sector 1,Y
SRC_LOC_00000446,LOC00000446,EVT0000342,2,SW10,Z186,34.73381,-80.03873,Path End,3.28,1.37,Atlantic Ridge Zone 06 Sector 2,Y
SRC_LOC_00000447,LOC00000447,EVT0000343,1,SW09,Z171,30.74382,-89.57397,Path End,3.53,1.72,Gulf Reach Zone 11 Sector 1,Y
SRC_LOC_00000448,LOC00000448,EVT0000344,1,SW11,Z209,36.24694,-89.07068,County/Zone,1.63,1.02,Pine Highlands Zone 09 Sector 1,Y
SRC_LOC_00000449,LOC00000449,EVT0000345,1,SW11,Z208,32.51176,-82.20167,Point,3.82,2.69,Pine Highlands Zone 08 Sector 1,Y
SRC_LOC_00000450,LOC00000450,EVT0000346,1,SW12,Z232,44.40483,-74.02136,Path Start,6.41,1.32,Northeast Corridor Zone 12 Sector 1,Y
SRC_LOC_00000451,LOC00000451,EVT0000347,1,SW12,Z224,42.24297,-70.70683,Point,2.04,0.4,Northeast Corridor Zone 04 Sector 1,Y
SRC_LOC_00000452,LOC00000452,EVT0000347,2,SW12,Z224,42.5176,-70.61193,Point,5.44,0.34,Northeast Corridor Zone 04 Sector 2,Y
SRC_LOC_00000453,LOC00000453,EVT0000347,3,SW12,Z224,42.26745,-70.96274,Path Start,6.86,2.97,Northeast Corridor Zone 04 Sector 3,Y
SRC_LOC_00000454,LOC00000454,EVT0000347,4,SW12,Z224,42.30876,-70.75851,Path End,4.37,3.7,Northeast Corridor Zone 04 Sector 4,Y
SRC_LOC_00000455,LOC00000455,EVT0000349,1,SW08,Z160,39.89425,-91.92151,Observation Site,8.43,0.87,River Valley Zone 20 Sector 1,Y
SRC_LOC_00000456,LOC00000456,EVT0000350,1,SW06,Z119,47.063,-97.90902,Point,8.51,2.89,Prairie North Zone 19 Sector 1,Y
SRC_LOC_00000457,LOC00000457,EVT0000350,2,SW06,Z119,46.95922,-98.17897,County/Zone,5.14,0.39,Prairie North Zone 19 Sector 2,Y
SRC_LOC_00000458,LOC00000458,EVT0000351,1,SW04,Z067,33.9541,-107.86309,Path End,3.3,0.41,Red Mesa Zone 07 Sector 1,Y
SRC_LOC_00000459,LOC00000459,EVT0000352,1,SW08,Z158,38.22955,-89.70997,County/Zone,3.92,1.84,River Valley Zone 18 Sector 1,Y
SRC_LOC_00000460,LOC00000460,EVT0000352,2,SW08,Z158,37.8111,-89.82058,Path End,2.46,3.74,River Valley Zone 18 Sector 2,Y
SRC_LOC_00000461,LOC00000461,EVT0000352,3,SW08,Z158,38.05321,-89.21644,Point,1.93,0.11,River Valley Zone 18 Sector 3,Y
SRC_LOC_00000462,LOC00000462,EVT0000353,1,SW12,Z230,43.88589,-72.25652,Point,9.45,0.8,Northeast Corridor Zone 10 Sector 1,Y
SRC_LOC_00000463,LOC00000463,EVT0000355,1,SW02,Z032,45.67892,-119.32494,Observation Site,3.18,0.95,Cascade Zone 12 Sector 1,Y
SRC_LOC_00000464,LOC00000464,EVT0000355,2,SW02,Z032,45.80352,-119.83811,Path Start,5.92,0.75,Cascade Zone 12 Sector 2,Y
SRC_LOC_00000465,LOC00000465,EVT0000356,1,SW03,Z057,38.89356,-103.28853,County/Zone,9.31,0.06,High Plains Zone 17 Sector 1,Y
SRC_LOC_00000466,LOC00000466,EVT0000357,1,SW04,Z075,34.00258,-109.94264,Point,3.09,0.03,Red Mesa Zone 15 Sector 1,Y
SRC_LOC_00000467,LOC00000467,EVT0000357,2,SW04,Z075,34.38434,-109.93237,Point,3.22,1.14,Red Mesa Zone 15 Sector 2,Y
SRC_LOC_00000468,LOC00000468,EVT0000357,3,SW04,Z075,34.37155,-110.02561,Point,3.94,2.0,Red Mesa Zone 15 Sector 3,Y
SRC_LOC_00000469,LOC00000469,EVT0000358,1,SW09,Z174,30.25444,-93.88027,Observation Site,4.56,0.28,Gulf Reach Zone 14 Sector 1,Y
SRC_LOC_00000470,LOC00000470,EVT0000358,2,SW09,Z174,29.90617,-93.5313,Observation Site,3.8,1.02,Gulf Reach Zone 14 Sector 2,Y
SRC_LOC_00000471,LOC00000471,EVT0000359,1,SW07,Z133,44.62306,-87.0756,County/Zone,1.24,0.07,Lake Country Zone 13 Sector 1,Y
SRC_LOC_00000472,LOC00000472,EVT0000359,2,SW07,Z133,44.40937,-87.0279,Observation Site,4.67,2.05,Lake Country Zone 13 Sector 2,Y
SRC_LOC_00000473,LOC00000473,EVT0000359,3,SW07,Z133,44.76156,-87.14623,Observation Site,1.49,0.13,Lake Country Zone 13 Sector 3,Y
SRC_LOC_00000474,LOC00000474,EVT0000359,4,SW07,Z133,44.30114,-86.82739,Observation Site,3.17,0.54,Lake Country Zone 13 Sector 4,Y
SRC_LOC_00000475,LOC00000475,EVT0000362,1,SW12,Z238,42.40674,-72.74248,Path Start,15.82,2.05,Northeast Corridor Zone 18 Sector 1,Y
SRC_LOC_00000476,LOC00000476,EVT0000363,1,SW03,Z048,41.31797,-103.48472,Observation Site,1.68,1.31,High Plains Zone 08 Sector 1,Y
SRC_LOC_00000477,LOC00000477,EVT0000364,1,SW05,Z081,40.06779,-114.64083,Path Start,2.78,4.3,Great Basin Zone 01 Sector 1,Y
SRC_LOC_00000478,LOC00000478,EVT0000364,2,SW05,Z081,40.65021,-115.31266,Observation Site,3.21,0.07,Great Basin Zone 01 Sector 2,Y
SRC_LOC_00000479,LOC00000479,EVT0000364,3,SW05,Z081,40.62021,-114.94351,County/Zone,3.17,0.2,Great Basin Zone 01 Sector 3,Y
SRC_LOC_00000480,LOC00000480,EVT0000365,1,SW01,Z017,44.2018,-120.06882,County/Zone,14.58,0.14,North Coast Zone 17 Sector 1,Y
SRC_LOC_00000481,LOC00000481,EVT0000365,2,SW01,Z017,44.67876,-119.98095,Observation Site,7.52,0.52,North Coast Zone 17 Sector 2,Y
SRC_LOC_00000482,LOC00000482,EVT0000365,3,SW01,Z017,44.35564,-119.92978,Observation Site,0.27,0.04,North Coast Zone 17 Sector 3,Y
SRC_LOC_00000483,LOC00000483,EVT0000366,1,SW02,Z038,47.27517,-121.03491,Observation Site,2.61,1.75,Cascade Zone 18 Sector 1,Y
SRC_LOC_00000484,LOC00000484,EVT0000366,2,SW02,Z038,47.13445,-121.27221,Point,2.63,0.45,Cascade Zone 18 Sector 2,Y
SRC_LOC_00000485,LOC00000485,EVT0000367,1,SW12,Z234,42.99801,-71.66524,Path Start,0.07,1.25,Northeast Corridor Zone 14 Sector 1,Y
SRC_LOC_00000486,LOC00000486,EVT0000368,1,SW10,Z191,35.65539,-79.25143,Path Start,11.67,1.32,Atlantic Ridge Zone 11 Sector 1,Y
SRC_LOC_00000487,LOC00000487,EVT0000369,1,SW05,Z091,37.23439,-112.43082,County/Zone,17.56,0.31,Great Basin Zone 11 Sector 1,Y
SRC_LOC_00000488,LOC00000488,EVT0000369,2,SW05,Z091,36.64397,-112.39148,Path End,7.3,1.65,Great Basin Zone 11 Sector 2,Y
SRC_LOC_00000489,LOC00000489,EVT0000370,1,SW06,Z103,46.48846,-97.7068,Observation Site,13.31,0.27,Prairie North Zone 03 Sector 1,Y
SRC_LOC_00000490,LOC00000490,EVT0000370,2,SW06,Z103,46.47114,-98.04353,Path End,0.98,2.73,Prairie North Zone 03 Sector 2,Y
SRC_LOC_00000491,LOC00000491,EVT0000371,1,SW01,Z009,44.69209,-124.95516,Point,8.28,0.4,North Coast Zone 09 Sector 1,Y
SRC_LOC_00000492,LOC00000492,EVT0000372,1,SW08,Z150,38.15437,-92.77636,Path End,2.88,0.41,River Valley Zone 10 Sector 1,Y
SRC_LOC_00000493,LOC00000493,EVT0000373,1,SW10,Z189,37.21198,-75.80821,Point,18.02,0.55,Atlantic Ridge Zone 09 Sector 1,Y
SRC_LOC_00000494,LOC00000494,EVT0000373,2,SW10,Z189,37.39868,-75.90478,Path Start,1.7,1.09,Atlantic Ridge Zone 09 Sector 2,Y
SRC_LOC_00000495,LOC00000495,EVT0000373,3,SW10,Z189,37.05992,-76.29269,Path End,3.55,1.4,Atlantic Ridge Zone 09 Sector 3,Y
SRC_LOC_00000496,LOC00000496,EVT0000374,1,SW08,Z142,36.59098,-89.06232,Path End,4.03,0.31,River Valley Zone 02 Sector 1,Y
SRC_LOC_00000497,LOC00000497,EVT0000374,2,SW08,Z142,36.72119,-89.00963,Path End,1.02,1.32,River Valley Zone 02 Sector 2,Y
SRC_LOC_00000498,LOC00000498,EVT0000374,3,SW08,Z142,36.73504,-89.51648,Observation Site,0.37,0.53,River Valley Zone 02 Sector 3,Y
SRC_LOC_00000499,LOC00000499,EVT0000375,1,SW08,Z141,37.59089,-88.88245,County/Zone,13.72,0.99,River Valley Zone 01 Sector 1,Y
SRC_LOC_00000500,LOC00000500,EVT0000375,2,SW08,Z141,37.97697,-88.35529,Path Start,4.92,0.63,River Valley Zone 01 Sector 2,Y
SRC_LOC_00000501,LOC00000501,EVT0000376,1,SW07,Z131,44.76835,-89.84326,Path Start,11.88,2.09,Lake Country Zone 11 Sector 1,Y
SRC_LOC_00000502,LOC00000502,EVT0000376,2,SW07,Z131,44.83497,-89.89078,Point,3.27,2.0,Lake Country Zone 11 Sector 2,Y
